"","country","sex","age","numeracy.level","year","earn.month","flags"
"1","Australia","F","25-64 years","Level (0/1)",2012,24,""
"2","Australia","M","25-64 years","Level (0/1)",2012,17,""
"3","Australia","F","25-64 years","Level (2)",2012,34,""
"4","Australia","M","25-64 years","Level (2)",2012,30,""
"5","Australia","F","25-64 years","Level (3)",2012,32,""
"6","Australia","M","25-64 years","Level (3)",2012,35,""
"7","Australia","F","25-64 years","Level (4/5)",2012,10,""
"8","Australia","M","25-64 years","Level (4/5)",2012,18,""
"9","Australia","F","25-64 years","Level (0/1)",2012,2400,""
"10","Australia","M","25-64 years","Level (0/1)",2012,3100,""
"11","Australia","F","25-64 years","Level (2)",2012,3100,""
"12","Australia","M","25-64 years","Level (2)",2012,3600,""
"13","Australia","F","25-64 years","Level (3)",2012,3600,""
"14","Australia","M","25-64 years","Level (3)",2012,4300,""
"15","Australia","F","25-64 years","Level (4/5)",2012,4300,""
"16","Australia","M","25-64 years","Level (4/5)",2012,5400,""
"17","Austria","F","25-64 years","Level (0/1)",2012,17,""
"18","Austria","M","25-64 years","Level (0/1)",2012,13,""
"19","Austria","F","25-64 years","Level (2)",2012,38,""
"20","Austria","M","25-64 years","Level (2)",2012,30,""
"21","Austria","F","25-64 years","Level (3)",2012,35,""
"22","Austria","M","25-64 years","Level (3)",2012,40,""
"23","Austria","F","25-64 years","Level (4/5)",2012,10,""
"24","Austria","M","25-64 years","Level (4/5)",2012,18,""
"25","Austria","F","25-64 years","Level (0/1)",2012,2200,""
"26","Austria","M","25-64 years","Level (0/1)",2012,2900,""
"27","Austria","F","25-64 years","Level (2)",2012,2700,""
"28","Austria","M","25-64 years","Level (2)",2012,3400,""
"29","Austria","F","25-64 years","Level (3)",2012,3400,""
"30","Austria","M","25-64 years","Level (3)",2012,4200,""
"31","Austria","F","25-64 years","Level (4/5)",2012,3800,""
"32","Austria","M","25-64 years","Level (4/5)",2012,5000,""
"33","Canada","F","25-64 years","Level (0/1)",2012,26,""
"34","Canada","M","25-64 years","Level (0/1)",2012,20,""
"35","Canada","F","25-64 years","Level (2)",2012,34,""
"36","Canada","M","25-64 years","Level (2)",2012,29,""
"37","Canada","F","25-64 years","Level (3)",2012,30,""
"38","Canada","M","25-64 years","Level (3)",2012,35,""
"39","Canada","F","25-64 years","Level (4/5)",2012,9,""
"40","Canada","M","25-64 years","Level (4/5)",2012,17,""
"41","Canada","F","25-64 years","Level (0/1)",2012,3900,""
"42","Canada","M","25-64 years","Level (0/1)",2012,3300,""
"43","Canada","F","25-64 years","Level (2)",2012,3300,""
"44","Canada","M","25-64 years","Level (2)",2012,4400,""
"45","Canada","F","25-64 years","Level (3)",2012,3900,""
"46","Canada","M","25-64 years","Level (3)",2012,5200,""
"47","Canada","F","25-64 years","Level (4/5)",2012,4600,""
"48","Canada","M","25-64 years","Level (4/5)",2012,6300,""
"49","Czech Republic","F","25-64 years","Level (0/1)",2012,15,""
"50","Czech Republic","M","25-64 years","Level (0/1)",2012,10,""
"51","Czech Republic","F","25-64 years","Level (2)",2012,38,""
"52","Czech Republic","M","25-64 years","Level (2)",2012,33,""
"53","Czech Republic","F","25-64 years","Level (3)",2012,37,""
"54","Czech Republic","M","25-64 years","Level (3)",2012,43,""
"55","Czech Republic","F","25-64 years","Level (4/5)",2012,9,""
"56","Czech Republic","M","25-64 years","Level (4/5)",2012,14,""
"57","Czech Republic","F","25-64 years","Level (0/1)",2012,1000,""
"58","Czech Republic","M","25-64 years","Level (0/1)",2012,1500,""
"59","Czech Republic","F","25-64 years","Level (2)",2012,1200,""
"60","Czech Republic","M","25-64 years","Level (2)",2012,1600,""
"61","Czech Republic","F","25-64 years","Level (3)",2012,1400,""
"62","Czech Republic","M","25-64 years","Level (3)",2012,1700,""
"63","Czech Republic","F","25-64 years","Level (4/5)",2012,1800,""
"64","Czech Republic","M","25-64 years","Level (4/5)",2012,2100,""
"65","Denmark","F","25-64 years","Level (0/1)",2012,16,""
"66","Denmark","M","25-64 years","Level (0/1)",2012,13,""
"67","Denmark","F","25-64 years","Level (2)",2012,33,""
"68","Denmark","M","25-64 years","Level (2)",2012,26,""
"69","Denmark","F","25-64 years","Level (3)",2012,38,""
"70","Denmark","M","25-64 years","Level (3)",2012,39,""
"71","Denmark","F","25-64 years","Level (4/5)",2012,13,""
"72","Denmark","M","25-64 years","Level (4/5)",2012,23,""
"73","Denmark","F","25-64 years","Level (0/1)",2012,2900,""
"74","Denmark","M","25-64 years","Level (0/1)",2012,3300,""
"75","Denmark","F","25-64 years","Level (2)",2012,3200,""
"76","Denmark","M","25-64 years","Level (2)",2012,3900,""
"77","Denmark","F","25-64 years","Level (3)",2012,3700,""
"78","Denmark","M","25-64 years","Level (3)",2012,4400,""
"79","Denmark","F","25-64 years","Level (4/5)",2012,4300,""
"80","Denmark","M","25-64 years","Level (4/5)",2012,5100,""
"81","Finland","F","25-64 years","Level (0/1)",2012,14,""
"82","Finland","M","25-64 years","Level (0/1)",2012,12,""
"83","Finland","F","25-64 years","Level (2)",2012,32,""
"84","Finland","M","25-64 years","Level (2)",2012,26,""
"85","Finland","F","25-64 years","Level (3)",2012,38,""
"86","Finland","M","25-64 years","Level (3)",2012,38,""
"87","Finland","F","25-64 years","Level (4/5)",2012,16,""
"88","Finland","M","25-64 years","Level (4/5)",2012,24,""
"89","Finland","F","25-64 years","Level (0/1)",2012,2200,""
"90","Finland","M","25-64 years","Level (0/1)",2012,2800,""
"91","Finland","F","25-64 years","Level (2)",2012,2500,""
"92","Finland","M","25-64 years","Level (2)",2012,3200,""
"93","Finland","F","25-64 years","Level (3)",2012,2900,""
"94","Finland","M","25-64 years","Level (3)",2012,3600,""
"95","Finland","F","25-64 years","Level (4/5)",2012,3300,""
"96","Finland","M","25-64 years","Level (4/5)",2012,4000,""
"97","France","F","25-64 years","Level (0/1)",2012,32,""
"98","France","M","25-64 years","Level (0/1)",2012,27,""
"99","France","F","25-64 years","Level (2)",2012,35,""
"100","France","M","25-64 years","Level (2)",2012,32,""
"101","France","F","25-64 years","Level (3)",2012,27,""
"102","France","M","25-64 years","Level (3)",2012,30,""
"103","France","F","25-64 years","Level (4/5)",2012,6,""
"104","France","M","25-64 years","Level (4/5)",2012,11,""
"105","France","F","25-64 years","Level (0/1)",2012,1800,""
"106","France","M","25-64 years","Level (0/1)",2012,2200,""
"107","France","F","25-64 years","Level (2)",2012,2200,""
"108","France","M","25-64 years","Level (2)",2012,2600,""
"109","France","F","25-64 years","Level (3)",2012,2700,""
"110","France","M","25-64 years","Level (3)",2012,3100,""
"111","France","F","25-64 years","Level (4/5)",2012,3200,""
"112","France","M","25-64 years","Level (4/5)",2012,3600,""
"113","Germany","F","25-64 years","Level (0/1)",2012,23,""
"114","Germany","M","25-64 years","Level (0/1)",2012,15,""
"115","Germany","F","25-64 years","Level (2)",2012,34,""
"116","Germany","M","25-64 years","Level (2)",2012,29,""
"117","Germany","F","25-64 years","Level (3)",2012,33,""
"118","Germany","M","25-64 years","Level (3)",2012,37,""
"119","Germany","F","25-64 years","Level (4/5)",2012,10,""
"120","Germany","M","25-64 years","Level (4/5)",2012,19,""
"121","Germany","F","25-64 years","Level (0/1)",2012,2300,""
"122","Germany","M","25-64 years","Level (0/1)",2012,2800,""
"123","Germany","F","25-64 years","Level (2)",2012,2800,""
"124","Germany","M","25-64 years","Level (2)",2012,3400,""
"125","Germany","F","25-64 years","Level (3)",2012,3400,""
"126","Germany","M","25-64 years","Level (3)",2012,4200,""
"127","Germany","F","25-64 years","Level (4/5)",2012,4300,""
"128","Germany","M","25-64 years","Level (4/5)",2012,5300,""
"129","Greece","F","25-64 years","Level (0/1)",2015,31,""
"130","Greece","M","25-64 years","Level (0/1)",2015,27,""
"131","Greece","F","25-64 years","Level (2)",2015,41,""
"132","Greece","M","25-64 years","Level (2)",2015,39,""
"133","Greece","F","25-64 years","Level (3)",2015,23,""
"134","Greece","M","25-64 years","Level (3)",2015,27,""
"135","Greece","F","25-64 years","Level (4/5)",2015,5,""
"136","Greece","M","25-64 years","Level (4/5)",2015,7,""
"137","Greece","F","25-64 years","Level (0/1)",2015,1300,""
"138","Greece","M","25-64 years","Level (0/1)",2015,1700,""
"139","Greece","F","25-64 years","Level (2)",2015,1500,""
"140","Greece","M","25-64 years","Level (2)",2015,1700,""
"141","Greece","F","25-64 years","Level (3)",2015,1700,""
"142","Greece","M","25-64 years","Level (3)",2015,1900,""
"143","Greece","F","25-64 years","Level (4/5)",2015,1800,""
"144","Greece","M","25-64 years","Level (4/5)",2015,2200,""
"145","Ireland","F","25-64 years","Level (0/1)",2012,29,""
"146","Ireland","M","25-64 years","Level (0/1)",2012,22,""
"147","Ireland","F","25-64 years","Level (2)",2012,39,""
"148","Ireland","M","25-64 years","Level (2)",2012,36,""
"149","Ireland","F","25-64 years","Level (3)",2012,27,""
"150","Ireland","M","25-64 years","Level (3)",2012,31,""
"151","Ireland","F","25-64 years","Level (4/5)",2012,5,""
"152","Ireland","M","25-64 years","Level (4/5)",2012,11,""
"153","Ireland","F","25-64 years","Level (0/1)",2012,2200,""
"154","Ireland","M","25-64 years","Level (0/1)",2012,2700,""
"155","Ireland","F","25-64 years","Level (2)",2012,2900,""
"156","Ireland","M","25-64 years","Level (2)",2012,3200,""
"157","Ireland","F","25-64 years","Level (3)",2012,3600,""
"158","Ireland","M","25-64 years","Level (3)",2012,3900,""
"159","Ireland","F","25-64 years","Level (4/5)",2012,4400,""
"160","Ireland","M","25-64 years","Level (4/5)",2012,4600,""
"161","Italy","F","25-64 years","Level (0/1)",2012,35,""
"162","Italy","M","25-64 years","Level (0/1)",2012,29,""
"163","Italy","F","25-64 years","Level (2)",2012,40,""
"164","Italy","M","25-64 years","Level (2)",2012,38,""
"165","Italy","F","25-64 years","Level (3)",2012,22,""
"166","Italy","M","25-64 years","Level (3)",2012,27,""
"167","Italy","F","25-64 years","Level (4/5)",2012,3,""
"168","Italy","M","25-64 years","Level (4/5)",2012,7,""
"169","Italy","F","25-64 years","Level (0/1)",2012,1900,""
"170","Italy","M","25-64 years","Level (0/1)",2012,2500,""
"171","Italy","F","25-64 years","Level (2)",2012,2100,""
"172","Italy","M","25-64 years","Level (2)",2012,2500,""
"173","Italy","F","25-64 years","Level (3)",2012,2600,""
"174","Italy","M","25-64 years","Level (3)",2012,2900,""
"175","Italy","F","25-64 years","Level (4/5)",2012,2800,""
"176","Italy","M","25-64 years","Level (4/5)",2012,3300,""
"177","Japan","F","25-64 years","Level (0/1)",2012,9,""
"178","Japan","M","25-64 years","Level (0/1)",2012,7,""
"179","Japan","F","25-64 years","Level (2)",2012,32,""
"180","Japan","M","25-64 years","Level (2)",2012,23,""
"181","Japan","F","25-64 years","Level (3)",2012,45,""
"182","Japan","M","25-64 years","Level (3)",2012,44,""
"183","Japan","F","25-64 years","Level (4/5)",2012,14,""
"184","Japan","M","25-64 years","Level (4/5)",2012,26,""
"185","Japan","F","25-64 years","Level (0/1)",2012,1600,""
"186","Japan","M","25-64 years","Level (0/1)",2012,2500,""
"187","Japan","F","25-64 years","Level (2)",2012,1900,""
"188","Japan","M","25-64 years","Level (2)",2012,3200,""
"189","Japan","F","25-64 years","Level (3)",2012,2300,""
"190","Japan","M","25-64 years","Level (3)",2012,3700,""
"191","Japan","F","25-64 years","Level (4/5)",2012,2700,""
"192","Japan","M","25-64 years","Level (4/5)",2012,4400,""
"193","Korea","F","25-64 years","Level (0/1)",2012,24,""
"194","Korea","M","25-64 years","Level (0/1)",2012,18,""
"195","Korea","F","25-64 years","Level (2)",2012,42,""
"196","Korea","M","25-64 years","Level (2)",2012,39,""
"197","Korea","F","25-64 years","Level (3)",2012,29,""
"198","Korea","M","25-64 years","Level (3)",2012,35,""
"199","Korea","F","25-64 years","Level (4/5)",2012,4,""
"200","Korea","M","25-64 years","Level (4/5)",2012,8,""
"201","Korea","F","25-64 years","Level (0/1)",2012,1600,""
"202","Korea","M","25-64 years","Level (0/1)",2012,2500,""
"203","Korea","F","25-64 years","Level (2)",2012,2100,""
"204","Korea","M","25-64 years","Level (2)",2012,3100,""
"205","Korea","F","25-64 years","Level (3)",2012,2400,""
"206","Korea","M","25-64 years","Level (3)",2012,3500,""
"207","Korea","F","25-64 years","Level (4/5)",2012,3000,""
"208","Korea","M","25-64 years","Level (4/5)",2012,4100,""
"209","Netherlands","F","25-64 years","Level (0/1)",2012,17,""
"210","Netherlands","M","25-64 years","Level (0/1)",2012,12,""
"211","Netherlands","F","25-64 years","Level (2)",2012,33,""
"212","Netherlands","M","25-64 years","Level (2)",2012,23,""
"213","Netherlands","F","25-64 years","Level (3)",2012,38,""
"214","Netherlands","M","25-64 years","Level (3)",2012,41,""
"215","Netherlands","F","25-64 years","Level (4/5)",2012,12,""
"216","Netherlands","M","25-64 years","Level (4/5)",2012,24,""
"217","Netherlands","F","25-64 years","Level (0/1)",2012,2700,""
"218","Netherlands","M","25-64 years","Level (0/1)",2012,2800,""
"219","Netherlands","F","25-64 years","Level (2)",2012,3100,""
"220","Netherlands","M","25-64 years","Level (2)",2012,3600,""
"221","Netherlands","F","25-64 years","Level (3)",2012,3400,""
"222","Netherlands","M","25-64 years","Level (3)",2012,4300,""
"223","Netherlands","F","25-64 years","Level (4/5)",2012,4000,""
"224","Netherlands","M","25-64 years","Level (4/5)",2012,4900,""
"225","New Zealand","F","25-64 years","Level (0/1)",2015,21,""
"226","New Zealand","M","25-64 years","Level (0/1)",2015,16,""
"227","New Zealand","F","25-64 years","Level (2)",2015,34,""
"228","New Zealand","M","25-64 years","Level (2)",2015,28,""
"229","New Zealand","F","25-64 years","Level (3)",2015,34,""
"230","New Zealand","M","25-64 years","Level (3)",2015,35,""
"231","New Zealand","F","25-64 years","Level (4/5)",2015,11,""
"232","New Zealand","M","25-64 years","Level (4/5)",2015,21,""
"233","New Zealand","F","25-64 years","Level (0/1)",2015,2200,""
"234","New Zealand","M","25-64 years","Level (0/1)",2015,2800,""
"235","New Zealand","F","25-64 years","Level (2)",2015,2600,""
"236","New Zealand","M","25-64 years","Level (2)",2015,3300,""
"237","New Zealand","F","25-64 years","Level (3)",2015,3200,""
"238","New Zealand","M","25-64 years","Level (3)",2015,4100,""
"239","New Zealand","F","25-64 years","Level (4/5)",2015,3900,""
"240","New Zealand","M","25-64 years","Level (4/5)",2015,5100,""
"241","Norway","F","25-64 years","Level (0/1)",2012,17,""
"242","Norway","M","25-64 years","Level (0/1)",2012,12,""
"243","Norway","F","25-64 years","Level (2)",2012,32,""
"244","Norway","M","25-64 years","Level (2)",2012,24,""
"245","Norway","F","25-64 years","Level (3)",2012,38,""
"246","Norway","M","25-64 years","Level (3)",2012,39,""
"247","Norway","F","25-64 years","Level (4/5)",2012,14,""
"248","Norway","M","25-64 years","Level (4/5)",2012,25,""
"249","Norway","F","25-64 years","Level (0/1)",2012,2900,""
"250","Norway","M","25-64 years","Level (0/1)",2012,3200,""
"251","Norway","F","25-64 years","Level (2)",2012,3200,""
"252","Norway","M","25-64 years","Level (2)",2012,3800,""
"253","Norway","F","25-64 years","Level (3)",2012,3700,""
"254","Norway","M","25-64 years","Level (3)",2012,4500,""
"255","Norway","F","25-64 years","Level (4/5)",2012,4200,""
"256","Norway","M","25-64 years","Level (4/5)",2012,5200,""
"257","Poland","F","25-64 years","Level (0/1)",2012,24,""
"258","Poland","M","25-64 years","Level (0/1)",2012,25,""
"259","Poland","F","25-64 years","Level (2)",2012,40,""
"260","Poland","M","25-64 years","Level (2)",2012,35,""
"261","Poland","F","25-64 years","Level (3)",2012,29,""
"262","Poland","M","25-64 years","Level (3)",2012,30,""
"263","Poland","F","25-64 years","Level (4/5)",2012,7,""
"264","Poland","M","25-64 years","Level (4/5)",2012,10,""
"265","Poland","F","25-64 years","Level (0/1)",2012,1100,""
"266","Poland","M","25-64 years","Level (0/1)",2012,1400,""
"267","Poland","F","25-64 years","Level (2)",2012,1300,""
"268","Poland","M","25-64 years","Level (2)",2012,1500,""
"269","Poland","F","25-64 years","Level (3)",2012,1600,""
"270","Poland","M","25-64 years","Level (3)",2012,1900,""
"271","Poland","F","25-64 years","Level (4/5)",2012,2000,""
"272","Poland","M","25-64 years","Level (4/5)",2012,2400,""
"273","Slovak Republic","F","25-64 years","Level (0/1)",2012,14,""
"274","Slovak Republic","M","25-64 years","Level (0/1)",2012,14,""
"275","Slovak Republic","F","25-64 years","Level (2)",2012,33,""
"276","Slovak Republic","M","25-64 years","Level (2)",2012,32,""
"277","Slovak Republic","F","25-64 years","Level (3)",2012,42,""
"278","Slovak Republic","M","25-64 years","Level (3)",2012,40,""
"279","Slovak Republic","F","25-64 years","Level (4/5)",2012,12,""
"280","Slovak Republic","M","25-64 years","Level (4/5)",2012,14,""
"281","Slovak Republic","F","25-64 years","Level (0/1)",2012,900,""
"282","Slovak Republic","M","25-64 years","Level (0/1)",2012,1100,""
"283","Slovak Republic","F","25-64 years","Level (2)",2012,1000,""
"284","Slovak Republic","M","25-64 years","Level (2)",2012,1400,""
"285","Slovak Republic","F","25-64 years","Level (3)",2012,1300,""
"286","Slovak Republic","M","25-64 years","Level (3)",2012,1700,""
"287","Slovak Republic","F","25-64 years","Level (4/5)",2012,1600,""
"288","Slovak Republic","M","25-64 years","Level (4/5)",2012,2100,""
"289","Spain","F","25-64 years","Level (0/1)",2012,35,""
"290","Spain","M","25-64 years","Level (0/1)",2012,28,""
"291","Spain","F","25-64 years","Level (2)",2012,42,""
"292","Spain","M","25-64 years","Level (2)",2012,38,""
"293","Spain","F","25-64 years","Level (3)",2012,21,""
"294","Spain","M","25-64 years","Level (3)",2012,28,""
"295","Spain","F","25-64 years","Level (4/5)",2012,2,""
"296","Spain","M","25-64 years","Level (4/5)",2012,6,""
"297","Spain","F","25-64 years","Level (0/1)",2012,1600,""
"298","Spain","M","25-64 years","Level (0/1)",2012,2000,""
"299","Spain","F","25-64 years","Level (2)",2012,2100,""
"300","Spain","M","25-64 years","Level (2)",2012,2400,""
"301","Spain","F","25-64 years","Level (3)",2012,2500,""
"302","Spain","M","25-64 years","Level (3)",2012,2800,""
"303","Spain","F","25-64 years","Level (4/5)",2012,2900,""
"304","Spain","M","25-64 years","Level (4/5)",2012,3300,""
"305","Sweden","F","25-64 years","Level (0/1)",2012,18,""
"306","Sweden","M","25-64 years","Level (0/1)",2012,13,""
"307","Sweden","F","25-64 years","Level (2)",2012,30,""
"308","Sweden","M","25-64 years","Level (2)",2012,25,""
"309","Sweden","F","25-64 years","Level (3)",2012,37,""
"310","Sweden","M","25-64 years","Level (3)",2012,38,""
"311","Sweden","F","25-64 years","Level (4/5)",2012,15,""
"312","Sweden","M","25-64 years","Level (4/5)",2012,25,""
"313","Sweden","F","25-64 years","Level (0/1)",2012,2400,""
"314","Sweden","M","25-64 years","Level (0/1)",2012,2800,""
"315","Sweden","F","25-64 years","Level (2)",2012,2700,""
"316","Sweden","M","25-64 years","Level (2)",2012,3100,""
"317","Sweden","F","25-64 years","Level (3)",2012,3100,""
"318","Sweden","M","25-64 years","Level (3)",2012,3600,""
"319","Sweden","F","25-64 years","Level (4/5)",2012,3500,""
"320","Sweden","M","25-64 years","Level (4/5)",2012,3900,""
"321","Turkey","F","25-64 years","Level (0/1)",2015,65,""
"322","Turkey","M","25-64 years","Level (0/1)",2015,44,""
"323","Turkey","F","25-64 years","Level (2)",2015,25,""
"324","Turkey","M","25-64 years","Level (2)",2015,38,""
"325","Turkey","F","25-64 years","Level (3)",2015,9,""
"326","Turkey","M","25-64 years","Level (3)",2015,16,""
"327","Turkey","F","25-64 years","Level (4/5)",2015,1,""
"328","Turkey","M","25-64 years","Level (4/5)",2015,2,""
"329","Turkey","F","25-64 years","Level (0/1)",2015,1000,""
"330","Turkey","M","25-64 years","Level (0/1)",2015,1300,""
"331","Turkey","F","25-64 years","Level (2)",2015,1400,""
"332","Turkey","M","25-64 years","Level (2)",2015,1500,""
"333","Turkey","F","25-64 years","Level (3)",2015,1600,""
"334","Turkey","M","25-64 years","Level (3)",2015,1700,""
"335","Turkey","F","25-64 years","Level (4/5)",2015,NA,"Data below the publication limit"
"336","Turkey","M","25-64 years","Level (4/5)",2015,1900,""
"337","United States","F","25-64 years","Level (0/1)",2012,33,""
"338","United States","M","25-64 years","Level (0/1)",2012,26,""
"339","United States","F","25-64 years","Level (2)",2012,35,""
"340","United States","M","25-64 years","Level (2)",2012,30,""
"341","United States","F","25-64 years","Level (3)",2012,26,""
"342","United States","M","25-64 years","Level (3)",2012,30,""
"343","United States","F","25-64 years","Level (4/5)",2012,6,""
"344","United States","M","25-64 years","Level (4/5)",2012,14,""
"345","United States","F","25-64 years","Level (0/1)",2012,2600,""
"346","United States","M","25-64 years","Level (0/1)",2012,3300,""
"347","United States","F","25-64 years","Level (2)",2012,3700,""
"348","United States","M","25-64 years","Level (2)",2012,4300,""
"349","United States","F","25-64 years","Level (3)",2012,4800,""
"350","United States","M","25-64 years","Level (3)",2012,5900,""
"351","United States","F","25-64 years","Level (4/5)",2012,6400,""
"352","United States","M","25-64 years","Level (4/5)",2012,7500,""
"353","Chile","F","25-64 years","Level (0/1)",2015,72,""
"354","Chile","M","25-64 years","Level (0/1)",2015,56,""
"355","Chile","F","25-64 years","Level (2)",2015,21,""
"356","Chile","M","25-64 years","Level (2)",2015,28,""
"357","Chile","F","25-64 years","Level (3)",2015,6,""
"358","Chile","M","25-64 years","Level (3)",2015,13,""
"359","Chile","F","25-64 years","Level (4/5)",2015,1,""
"360","Chile","M","25-64 years","Level (4/5)",2015,3,""
"361","Chile","F","25-64 years","Level (0/1)",2015,900,""
"362","Chile","M","25-64 years","Level (0/1)",2015,1200,""
"363","Chile","F","25-64 years","Level (2)",2015,1700,""
"364","Chile","M","25-64 years","Level (2)",2015,1900,""
"365","Chile","F","25-64 years","Level (3)",2015,1900,""
"366","Chile","M","25-64 years","Level (3)",2015,2600,""
"367","Chile","F","25-64 years","Level (4/5)",2015,NA,"Data below the publication limit"
"368","Chile","M","25-64 years","Level (4/5)",2015,NA,"Data below the publication limit"
"369","Estonia","F","25-64 years","Level (0/1)",2012,16,""
"370","Estonia","M","25-64 years","Level (0/1)",2012,14,""
"371","Estonia","F","25-64 years","Level (2)",2012,38,""
"372","Estonia","M","25-64 years","Level (2)",2012,34,""
"373","Estonia","F","25-64 years","Level (3)",2012,37,""
"374","Estonia","M","25-64 years","Level (3)",2012,38,""
"375","Estonia","F","25-64 years","Level (4/5)",2012,9,""
"376","Estonia","M","25-64 years","Level (4/5)",2012,14,""
"377","Estonia","F","25-64 years","Level (0/1)",2012,1000,""
"378","Estonia","M","25-64 years","Level (0/1)",2012,1500,""
"379","Estonia","F","25-64 years","Level (2)",2012,1100,""
"380","Estonia","M","25-64 years","Level (2)",2012,1800,""
"381","Estonia","F","25-64 years","Level (3)",2012,1400,""
"382","Estonia","M","25-64 years","Level (3)",2012,2100,""
"383","Estonia","F","25-64 years","Level (4/5)",2012,1800,""
"384","Estonia","M","25-64 years","Level (4/5)",2012,2600,""
"385","Israel","F","25-64 years","Level (0/1)",2015,35,""
"386","Israel","M","25-64 years","Level (0/1)",2015,28,""
"387","Israel","F","25-64 years","Level (2)",2015,31,""
"388","Israel","M","25-64 years","Level (2)",2015,29,""
"389","Israel","F","25-64 years","Level (3)",2015,25,""
"390","Israel","M","25-64 years","Level (3)",2015,28,""
"391","Israel","F","25-64 years","Level (4/5)",2015,9,""
"392","Israel","M","25-64 years","Level (4/5)",2015,15,""
"393","Israel","F","25-64 years","Level (0/1)",2015,1600,""
"394","Israel","M","25-64 years","Level (0/1)",2015,2000,""
"395","Israel","F","25-64 years","Level (2)",2015,1900,""
"396","Israel","M","25-64 years","Level (2)",2015,2700,""
"397","Israel","F","25-64 years","Level (3)",2015,2500,""
"398","Israel","M","25-64 years","Level (3)",2015,3400,""
"399","Israel","F","25-64 years","Level (4/5)",2015,3200,""
"400","Israel","M","25-64 years","Level (4/5)",2015,4300,""
"401","Lithuania","F","25-64 years","Level (0/1)",2015,20,""
"402","Lithuania","M","25-64 years","Level (0/1)",2015,20,""
"403","Lithuania","F","25-64 years","Level (2)",2015,40,""
"404","Lithuania","M","25-64 years","Level (2)",2015,39,""
"405","Lithuania","F","25-64 years","Level (3)",2015,32,""
"406","Lithuania","M","25-64 years","Level (3)",2015,31,""
"407","Lithuania","F","25-64 years","Level (4/5)",2015,9,""
"408","Lithuania","M","25-64 years","Level (4/5)",2015,11,""
"409","Lithuania","F","25-64 years","Level (0/1)",2015,2700,""
"410","Lithuania","M","25-64 years","Level (0/1)",2015,3800,""
"411","Lithuania","F","25-64 years","Level (2)",2015,3300,""
"412","Lithuania","M","25-64 years","Level (2)",2015,4200,""
"413","Lithuania","F","25-64 years","Level (3)",2015,4000,""
"414","Lithuania","M","25-64 years","Level (3)",2015,4900,""
"415","Lithuania","F","25-64 years","Level (4/5)",2015,4900,""
"416","Lithuania","M","25-64 years","Level (4/5)",2015,6500,""
"417","Russia","F","25-64 years","Level (0/1)",2012,13,""
"418","Russia","M","25-64 years","Level (0/1)",2012,16,""
"419","Russia","F","25-64 years","Level (2)",2012,41,""
"420","Russia","M","25-64 years","Level (2)",2012,38,""
"421","Russia","F","25-64 years","Level (3)",2012,38,""
"422","Russia","M","25-64 years","Level (3)",2012,38,""
"423","Russia","F","25-64 years","Level (4/5)",2012,8,""
"424","Russia","M","25-64 years","Level (4/5)",2012,8,""
"425","Russia","F","25-64 years","Level (0/1)",2012,700,""
"426","Russia","M","25-64 years","Level (0/1)",2012,800,""
"427","Russia","F","25-64 years","Level (2)",2012,700,""
"428","Russia","M","25-64 years","Level (2)",2012,900,""
"429","Russia","F","25-64 years","Level (3)",2012,800,""
"430","Russia","M","25-64 years","Level (3)",2012,1100,""
"431","Russia","F","25-64 years","Level (4/5)",2012,900,""
"432","Russia","M","25-64 years","Level (4/5)",2012,1100,""
"433","Singapore","F","25-64 years","Level (0/1)",2015,35,""
"434","Singapore","M","25-64 years","Level (0/1)",2015,28,""
"435","Singapore","F","25-64 years","Level (2)",2015,29,""
"436","Singapore","M","25-64 years","Level (2)",2015,24,""
"437","Singapore","F","25-64 years","Level (3)",2015,27,""
"438","Singapore","M","25-64 years","Level (3)",2015,31,""
"439","Singapore","F","25-64 years","Level (4/5)",2015,8,""
"440","Singapore","M","25-64 years","Level (4/5)",2015,16,""
"441","Singapore","F","25-64 years","Level (0/1)",2015,1700,""
"442","Singapore","M","25-64 years","Level (0/1)",2015,2300,""
"443","Singapore","F","25-64 years","Level (2)",2015,3300,""
"444","Singapore","M","25-64 years","Level (2)",2015,3600,""
"445","Singapore","F","25-64 years","Level (3)",2015,4400,""
"446","Singapore","M","25-64 years","Level (3)",2015,5700,""
"447","Singapore","F","25-64 years","Level (4/5)",2015,5700,""
"448","Singapore","M","25-64 years","Level (4/5)",2015,7200,""
"449","Slovenia","F","25-64 years","Level (0/1)",2015,29,""
"450","Slovenia","M","25-64 years","Level (0/1)",2015,26,""
"451","Slovenia","F","25-64 years","Level (2)",2015,35,""
"452","Slovenia","M","25-64 years","Level (2)",2015,34,""
"453","Slovenia","F","25-64 years","Level (3)",2015,29,""
"454","Slovenia","M","25-64 years","Level (3)",2015,30,""
"455","Slovenia","F","25-64 years","Level (4/5)",2015,7,""
"456","Slovenia","M","25-64 years","Level (4/5)",2015,10,""
"457","Slovenia","F","25-64 years","Level (0/1)",2015,1500,""
"458","Slovenia","M","25-64 years","Level (0/1)",2015,1600,""
"459","Slovenia","F","25-64 years","Level (2)",2015,1900,""
"460","Slovenia","M","25-64 years","Level (2)",2015,2000,""
"461","Slovenia","F","25-64 years","Level (3)",2015,2200,""
"462","Slovenia","M","25-64 years","Level (3)",2015,2400,""
"463","Slovenia","F","25-64 years","Level (4/5)",2015,2600,""
"464","Slovenia","M","25-64 years","Level (4/5)",2015,2800,""
"465","Flanders","F","25-64 years","Level (0/1)",2012,17,""
"466","Flanders","M","25-64 years","Level (0/1)",2012,11,""
"467","Flanders","F","25-64 years","Level (2)",2012,33,""
"468","Flanders","M","25-64 years","Level (2)",2012,25,""
"469","Flanders","F","25-64 years","Level (3)",2012,37,""
"470","Flanders","M","25-64 years","Level (3)",2012,39,""
"471","Flanders","F","25-64 years","Level (4/5)",2012,12,""
"472","Flanders","M","25-64 years","Level (4/5)",2012,25,""
"473","Flanders","F","25-64 years","Level (0/1)",2012,2400,""
"474","Flanders","M","25-64 years","Level (0/1)",2012,3100,""
"475","Flanders","F","25-64 years","Level (2)",2012,2900,""
"476","Flanders","M","25-64 years","Level (2)",2012,3600,""
"477","Flanders","F","25-64 years","Level (3)",2012,3400,""
"478","Flanders","M","25-64 years","Level (3)",2012,4100,""
"479","Flanders","F","25-64 years","Level (4/5)",2012,3800,""
"480","Flanders","M","25-64 years","Level (4/5)",2012,4900,""
"481","England","F","25-64 years","Level (0/1)",2012,27,""
"482","England","M","25-64 years","Level (0/1)",2012,21,""
"483","England","F","25-64 years","Level (2)",2012,36,""
"484","England","M","25-64 years","Level (2)",2012,30,""
"485","England","F","25-64 years","Level (3)",2012,29,""
"486","England","M","25-64 years","Level (3)",2012,33,""
"487","England","F","25-64 years","Level (4/5)",2012,8,""
"488","England","M","25-64 years","Level (4/5)",2012,16,""
"489","England","F","25-64 years","Level (0/1)",2012,1900,""
"490","England","M","25-64 years","Level (0/1)",2012,2400,""
"491","England","F","25-64 years","Level (2)",2012,2500,""
"492","England","M","25-64 years","Level (2)",2012,3000,""
"493","England","F","25-64 years","Level (3)",2012,3300,""
"494","England","M","25-64 years","Level (3)",2012,3800,""
"495","England","F","25-64 years","Level (4/5)",2012,3800,""
"496","England","M","25-64 years","Level (4/5)",2012,4600,""
"497","Northern Ireland","F","25-64 years","Level (0/1)",2012,29,""
"498","Northern Ireland","M","25-64 years","Level (0/1)",2012,22,""
"499","Northern Ireland","F","25-64 years","Level (2)",2012,39,""
"500","Northern Ireland","M","25-64 years","Level (2)",2012,33,""
"501","Northern Ireland","F","25-64 years","Level (3)",2012,26,""
"502","Northern Ireland","M","25-64 years","Level (3)",2012,33,""
"503","Northern Ireland","F","25-64 years","Level (4/5)",2012,5,""
"504","Northern Ireland","M","25-64 years","Level (4/5)",2012,12,""
"505","Northern Ireland","F","25-64 years","Level (0/1)",2012,1800,""
"506","Northern Ireland","M","25-64 years","Level (0/1)",2012,2000,""
"507","Northern Ireland","F","25-64 years","Level (2)",2012,2300,""
"508","Northern Ireland","M","25-64 years","Level (2)",2012,2500,""
"509","Northern Ireland","F","25-64 years","Level (3)",2012,2900,""
"510","Northern Ireland","M","25-64 years","Level (3)",2012,3300,""
"511","Northern Ireland","F","25-64 years","Level (4/5)",2012,3100,""
"512","Northern Ireland","M","25-64 years","Level (4/5)",2012,3900,""
"513","Unweighted average (Unitary countries)","F","25-64 years","Level (0/1)",2012,26,""
"514","Unweighted average (Unitary countries)","M","25-64 years","Level (0/1)",2012,21,""
"515","Unweighted average (Unitary countries)","F","25-64 years","Level (2)",2012,35,""
"516","Unweighted average (Unitary countries)","M","25-64 years","Level (2)",2012,31,""
"517","Unweighted average (Unitary countries)","F","25-64 years","Level (3)",2012,30,""
"518","Unweighted average (Unitary countries)","M","25-64 years","Level (3)",2012,34,""
"519","Unweighted average (Unitary countries)","F","25-64 years","Level (4/5)",2012,8,""
"520","Unweighted average (Unitary countries)","M","25-64 years","Level (4/5)",2012,15,""
"521","Unweighted average (Unitary countries)","F","25-64 years","Level (0/1)",2012,1924,""
"522","Unweighted average (Unitary countries)","M","25-64 years","Level (0/1)",2012,2355,""
"523","Unweighted average (Unitary countries)","F","25-64 years","Level (2)",2012,2307,""
"524","Unweighted average (Unitary countries)","M","25-64 years","Level (2)",2012,2834,""
"525","Unweighted average (Unitary countries)","F","25-64 years","Level (3)",2012,2772,""
"526","Unweighted average (Unitary countries)","M","25-64 years","Level (3)",2012,3407,""
"527","Unweighted average (Unitary countries)","F","25-64 years","Level (4/5)",2012,3374,""
"528","Unweighted average (Unitary countries)","M","25-64 years","Level (4/5)",2012,4100,""
